<?xml version="1.0" encoding="utf-8" standalone="yes"?>
<rss version="2.0" xmlns:atom="http://www.w3.org/2005/Atom">
  <channel>
    <title>Categories on HUGO assignment page for bi62yl/cet252</title>
    <link>https://bi62yl-cet252.org/categories/</link>
    <description>Recent content in Categories on HUGO assignment page for bi62yl/cet252</description>
    <generator>Hugo</generator>
    <language>en-us</language>
    <atom:link href="https://bi62yl-cet252.org/categories/index.xml" rel="self" type="application/rss+xml" />
  </channel>
</rss>
